<wpml-config>
	<custom-types>
		<custom-type translate="1">portfolio</custom-type>
	</custom-types>
	<admin-texts>
		<key name="ux_theme_option">
			<key name="error_text'" />
			<key name="footer_text_copy" />
			<key name="header_logo_text" />
			<key name="blog_title" />
			<key name="blog_subtitle" />
			<key name="shop_title" />
		</key>
	</admin-texts>
	<language-switcher-settings>
		<key name="icl_lang_sel_config">
			<key name="font-current-normal">#444444</key>
			<key name="font-current-hover">#000000</key>
			<key name="background-current-normal">#ffffff</key>
			<key name="background-current-hover">#eeeeee</key>
			<key name="font-other-normal">#444444</key>
			<key name="font-other-hover">#000000</key>
			<key name="background-other-normal">#ffffff</key>
			<key name="background-other-hover">#eeeeee</key>
			<key name="border">#cdcdcd</key>
		</key>
		<key name="icl_lang_sel_footer_config">
			<key name="font-current-normal">#444444</key>
			<key name="font-current-hover">#000000</key>
			<key name="background-current-normal">#ffffff</key>
			<key name="background-current-hover">#eeeeee</key>
			<key name="font-other-normal">#444444</key>
			<key name="font-other-hover">#000000</key>
			<key name="background-other-normal">#ffffff</key>
			<key name="background-other-hover">#eeeeee</key>
			<key name="border">#cdcdcd</key>
		</key>
		<key name="icl_language_switcher_sidebar">0</key>
		<key name="icl_widget_title_show">0</key>
		<key name="icl_lang_sel_type">dropdown</key>
		<key name="icl_lso_link_empty">0</key>
		<key name="icl_lso_flags">0</key>
		<key name="icl_lso_native_lang">1</key>
		<key name="icl_lso_display_lang">1</key>
		<key name="icl_lang_sel_footer">0</key>
		<key name="icl_post_availability">0</key>
		<key name="icl_post_availability_position">below</key>
		<key name="icl_post_availability_text">This post is also available in: %s</key>
	</language-switcher-settings>
</wpml-config>


