{
    "key": "group_5bc26122a92ad",
    "title": "[Page] Overrides",
    "fields": [
        {
            "key": "field_5bc318c304751",
            "label": "Navigation",
            "name": "",
            "type": "tab",
            "instructions": "",
            "required": 0,
            "conditional_logic": 0,
            "wrapper": {
                "width": "",
                "class": "",
                "id": ""
            },
            "placement": "top",
            "endpoint": 0
        },
        {
            "key": "field_5bc26126286c2",
            "label": "Custom Navigation",
            "name": "page_custom_navigation",
            "type": "true_false",
            "instructions": "",
            "required": 0,
            "conditional_logic": 0,
            "wrapper": {
                "width": "",
                "class": "",
                "id": ""
            },
            "message": "",
            "default_value": 0,
            "ui": 1,
            "ui_on_text": "",
            "ui_off_text": ""
        },
        {
            "key": "field_5bc33c5551a6c",
            "label": "Navigation Show",
            "name": "navigation_show",
            "type": "select",
            "instructions": "",
            "required": 0,
            "conditional_logic": [
                [
                    {
                        "field": "field_5bc26126286c2",
                        "operator": "==",
                        "value": "1"
                    }
                ]
            ],
            "wrapper": {
                "width": "",
                "class": "",
                "id": ""
            },
            "choices": {
                "show": "Show",
                "hide": "Hide"
            },
            "default_value": [],
            "allow_null": 1,
            "multiple": 0,
            "ui": 0,
            "return_format": "value",
            "ajax": 0,
            "placeholder": ""
        },
        {
            "key": "field_5bc3406c8a592",
            "label": "Navigation Type",
            "name": "navigation_type",
            "type": "select",
            "instructions": "",
            "required": 0,
            "conditional_logic": [
                [
                    {
                        "field": "field_5bc26126286c2",
                        "operator": "==",
                        "value": "1"
                    },
                    {
                        "field": "field_5bc33c5551a6c",
                        "operator": "==",
                        "value": "show"
                    }
                ]
            ],
            "wrapper": {
                "width": "",
                "class": "",
                "id": ""
            },
            "choices": {
                "default": "Default",
                "animated": "Animated",
                "fullscreen": "Fullscreen",
                "slide": "Slide",
                "aside": "Aside"
            },
            "default_value": [],
            "allow_null": 1,
            "multiple": 0,
            "ui": 0,
            "return_format": "value",
            "ajax": 0,
            "placeholder": ""
        },
        {
            "key": "field_5bc3a717dfaa9",
            "label": "Navigation Opaque",
            "name": "navigation_opaque",
            "type": "select",
            "instructions": "",
            "required": 0,
            "conditional_logic": [
                [
                    {
                        "field": "field_5bc26126286c2",
                        "operator": "==",
                        "value": "1"
                    },
                    {
                        "field": "field_5bc33c5551a6c",
                        "operator": "==",
                        "value": "show"
                    },
                    {
                        "field": "field_5bc3406c8a592",
                        "operator": "!=",
                        "value": "aside"
                    }
                ]
            ],
            "wrapper": {
                "width": "",
                "class": "",
                "id": ""
            },
            "choices": {
                "enable": "Enable",
                "disable": "Disable"
            },
            "default_value": [],
            "allow_null": 1,
            "multiple": 0,
            "ui": 0,
            "return_format": "value",
            "ajax": 0,
            "placeholder": ""
        },
        {
            "key": "field_5bc3a769dfaac",
            "label": "Transparent",
            "name": "navigation_transparent",
            "type": "select",
            "instructions": "",
            "required": 0,
            "conditional_logic": [
                [
                    {
                        "field": "field_5bc26126286c2",
                        "operator": "==",
                        "value": "1"
                    },
                    {
                        "field": "field_5bc33c5551a6c",
                        "operator": "==",
                        "value": "show"
                    },
                    {
                        "field": "field_5bc3406c8a592",
                        "operator": "!=",
                        "value": "aside"
                    }
                ]
            ],
            "wrapper": {
                "width": "",
                "class": "",
                "id": ""
            },
            "choices": {
                "enable": "Enable",
                "disable": "Disable"
            },
            "default_value": [],
            "allow_null": 1,
            "multiple": 0,
            "ui": 0,
            "return_format": "value",
            "ajax": 0,
            "placeholder": ""
        },
        {
            "key": "field_5bc3a788dfaad",
            "label": "Transparent Always",
            "name": "navigation_transparent_always",
            "type": "select",
            "instructions": "",
            "required": 0,
            "conditional_logic": [
                [
                    {
                        "field": "field_5bc26126286c2",
                        "operator": "==",
                        "value": "1"
                    },
                    {
                        "field": "field_5bc33c5551a6c",
                        "operator": "==",
                        "value": "show"
                    },
                    {
                        "field": "field_5bc3406c8a592",
                        "operator": "!=",
                        "value": "aside"
                    }
                ]
            ],
            "wrapper": {
                "width": "",
                "class": "",
                "id": ""
            },
            "choices": {
                "enable": "Enable",
                "disable": "Disable"
            },
            "default_value": [],
            "allow_null": 1,
            "multiple": 0,
            "ui": 0,
            "return_format": "value",
            "ajax": 0,
            "placeholder": ""
        },
        {
            "key": "field_5bc3a7a1dfaae",
            "label": "Sticky",
            "name": "navigation_sticky",
            "type": "select",
            "instructions": "",
            "required": 0,
            "conditional_logic": [
                [
                    {
                        "field": "field_5bc26126286c2",
                        "operator": "==",
                        "value": "1"
                    },
                    {
                        "field": "field_5bc33c5551a6c",
                        "operator": "==",
                        "value": "show"
                    },
                    {
                        "field": "field_5bc3406c8a592",
                        "operator": "!=",
                        "value": "aside"
                    }
                ]
            ],
            "wrapper": {
                "width": "",
                "class": "",
                "id": ""
            },
            "choices": {
                "enable": "Enable",
                "disable": "Disable"
            },
            "default_value": [],
            "allow_null": 1,
            "multiple": 0,
            "ui": 0,
            "return_format": "value",
            "ajax": 0,
            "placeholder": ""
        },
        {
            "key": "field_5bc3a7b4dfaaf",
            "label": "Hide on Scroll",
            "name": "navigation_hide_on_scroll",
            "type": "select",
            "instructions": "",
            "required": 0,
            "conditional_logic": [
                [
                    {
                        "field": "field_5bc26126286c2",
                        "operator": "==",
                        "value": "1"
                    },
                    {
                        "field": "field_5bc33c5551a6c",
                        "operator": "==",
                        "value": "show"
                    },
                    {
                        "field": "field_5bc3406c8a592",
                        "operator": "!=",
                        "value": "aside"
                    },
                    {
                        "field": "field_5bc3a7a1dfaae",
                        "operator": "==",
                        "value": "enable"
                    }
                ]
            ],
            "wrapper": {
                "width": "",
                "class": "",
                "id": ""
            },
            "choices": {
                "enable": "Enable",
                "disable": "Disable"
            },
            "default_value": [],
            "allow_null": 1,
            "multiple": 0,
            "ui": 0,
            "return_format": "value",
            "ajax": 0,
            "placeholder": ""
        },
        {
            "key": "field_5bc3a7cbdfab1",
            "label": "White Text on Top",
            "name": "navigation_white_text_on_top",
            "type": "select",
            "instructions": "",
            "required": 0,
            "conditional_logic": [
                [
                    {
                        "field": "field_5bc26126286c2",
                        "operator": "==",
                        "value": "1"
                    },
                    {
                        "field": "field_5bc33c5551a6c",
                        "operator": "==",
                        "value": "show"
                    },
                    {
                        "field": "field_5bc3406c8a592",
                        "operator": "!=",
                        "value": "aside"
                    }
                ]
            ],
            "wrapper": {
                "width": "",
                "class": "",
                "id": ""
            },
            "choices": {
                "enable": "Enable",
                "disable": "Disable"
            },
            "default_value": [],
            "allow_null": 1,
            "multiple": 0,
            "ui": 0,
            "return_format": "value",
            "ajax": 0,
            "placeholder": ""
        },
        {
            "key": "field_5bc31a3995664",
            "label": "Footer",
            "name": "",
            "type": "tab",
            "instructions": "",
            "required": 0,
            "conditional_logic": 0,
            "wrapper": {
                "width": "",
                "class": "",
                "id": ""
            },
            "placement": "top",
            "endpoint": 0
        },
        {
            "key": "field_5bc31a7895666",
            "label": "Custom Footer",
            "name": "page_custom_footer",
            "type": "true_false",
            "instructions": "",
            "required": 0,
            "conditional_logic": 0,
            "wrapper": {
                "width": "",
                "class": "",
                "id": ""
            },
            "message": "",
            "default_value": 0,
            "ui": 1,
            "ui_on_text": "",
            "ui_off_text": ""
        },
        {
            "key": "field_5bc31aef95668",
            "label": "Footer Show",
            "name": "footer_show",
            "type": "select",
            "instructions": "",
            "required": 0,
            "conditional_logic": [
                [
                    {
                        "field": "field_5bc31a7895666",
                        "operator": "==",
                        "value": "1"
                    }
                ]
            ],
            "wrapper": {
                "width": "",
                "class": "",
                "id": ""
            },
            "choices": {
                "show": "Show",
                "hide": "Hide"
            },
            "default_value": [],
            "allow_null": 1,
            "multiple": 0,
            "ui": 0,
            "return_format": "value",
            "ajax": 0,
            "placeholder": ""
        },
        {
            "key": "field_5bc31a5595665",
            "label": "Footer Layout",
            "name": "footer_layout",
            "type": "select",
            "instructions": "",
            "required": 0,
            "conditional_logic": [
                [
                    {
                        "field": "field_5bc31a7895666",
                        "operator": "==",
                        "value": "1"
                    },
                    {
                        "field": "field_5bc31aef95668",
                        "operator": "==",
                        "value": "show"
                    }
                ]
            ],
            "wrapper": {
                "width": "",
                "class": "",
                "id": ""
            },
            "choices": {
                "style-1": "Style 1",
                "style-2": "Style 2",
                "style-3": "Style 3",
                "style-4": "Style 4",
                "style-5": "Style 5",
                "style-6": "Style 6",
                "style-7": "Style 7",
                "widgetized": "Widgetized",
                "shortcode": "Shortcode"
            },
            "default_value": [],
            "allow_null": 1,
            "multiple": 0,
            "ui": 0,
            "return_format": "value",
            "ajax": 0,
            "placeholder": ""
        },
        {
            "key": "field_5be6a77d19ddc",
            "label": "Footer Shortcode",
            "name": "footer_shortcode",
            "type": "textarea",
            "instructions": "",
            "required": 0,
            "conditional_logic": [
                [
                    {
                        "field": "field_5bc31a7895666",
                        "operator": "==",
                        "value": "1"
                    },
                    {
                        "field": "field_5bc31aef95668",
                        "operator": "==",
                        "value": "show"
                    },
                    {
                        "field": "field_5bc31a5595665",
                        "operator": "==",
                        "value": "shortcode"
                    }
                ]
            ],
            "wrapper": {
                "width": "",
                "class": "",
                "id": ""
            },
            "default_value": "",
            "placeholder": "",
            "maxlength": "",
            "rows": 4,
            "new_lines": ""
        },
        {
            "key": "field_5bc31ab095667",
            "label": "Footer Fixed",
            "name": "footer_fixed",
            "type": "select",
            "instructions": "",
            "required": 0,
            "conditional_logic": [
                [
                    {
                        "field": "field_5bc31a7895666",
                        "operator": "==",
                        "value": "1"
                    },
                    {
                        "field": "field_5bc31aef95668",
                        "operator": "==",
                        "value": "show"
                    }
                ]
            ],
            "wrapper": {
                "width": "",
                "class": "",
                "id": ""
            },
            "choices": {
                "enable": "Enable",
                "disable": "Disable"
            },
            "default_value": [],
            "allow_null": 1,
            "multiple": 0,
            "ui": 0,
            "return_format": "value",
            "ajax": 0,
            "placeholder": ""
        },
        {
            "key": "field_5bc3271441b79",
            "label": "Back to Top",
            "name": "",
            "type": "tab",
            "instructions": "",
            "required": 0,
            "conditional_logic": 0,
            "wrapper": {
                "width": "",
                "class": "",
                "id": ""
            },
            "placement": "top",
            "endpoint": 0
        },
        {
            "key": "field_5bc3274541b7a",
            "label": "Custom Back to Top",
            "name": "page_custom_back_to_top",
            "type": "true_false",
            "instructions": "",
            "required": 0,
            "conditional_logic": 0,
            "wrapper": {
                "width": "",
                "class": "",
                "id": ""
            },
            "message": "",
            "default_value": 0,
            "ui": 1,
            "ui_on_text": "",
            "ui_off_text": ""
        },
        {
            "key": "field_5bc326e541b78",
            "label": "Back to Top",
            "name": "back_to_top",
            "type": "select",
            "instructions": "",
            "required": 0,
            "conditional_logic": [
                [
                    {
                        "field": "field_5bc3274541b7a",
                        "operator": "==",
                        "value": "1"
                    }
                ]
            ],
            "wrapper": {
                "width": "",
                "class": "",
                "id": ""
            },
            "choices": {
                "show": "Show",
                "hide": "Hide"
            },
            "default_value": [],
            "allow_null": 1,
            "multiple": 0,
            "ui": 0,
            "return_format": "value",
            "ajax": 0,
            "placeholder": ""
        },
        {
            "key": "field_5bcce41216338",
            "label": "Onepage Navigation",
            "name": "",
            "type": "tab",
            "instructions": "",
            "required": 0,
            "conditional_logic": 0,
            "wrapper": {
                "width": "",
                "class": "",
                "id": ""
            },
            "placement": "top",
            "endpoint": 0
        },
        {
            "key": "field_5bcce42716339",
            "label": "Onepage Navigation",
            "name": "onepage_navigation",
            "type": "true_false",
            "instructions": "",
            "required": 0,
            "conditional_logic": 0,
            "wrapper": {
                "width": "",
                "class": "",
                "id": ""
            },
            "message": "",
            "default_value": 0,
            "ui": 1,
            "ui_on_text": "",
            "ui_off_text": ""
        },
        {
            "key": "field_5bcce43f1633a",
            "label": "Navigation Name",
            "name": "onepage_navigation_name",
            "type": "text",
            "instructions": "",
            "required": 0,
            "conditional_logic": [
                [
                    {
                        "field": "field_5bcce42716339",
                        "operator": "==",
                        "value": "1"
                    }
                ]
            ],
            "wrapper": {
                "width": "",
                "class": "",
                "id": ""
            },
            "default_value": "",
            "placeholder": "",
            "prepend": "",
            "append": "",
            "maxlength": ""
        },
        {
            "key": "field_5bcf4fc2afa51",
            "label": "Site Protection",
            "name": "",
            "type": "tab",
            "instructions": "",
            "required": 0,
            "conditional_logic": 0,
            "wrapper": {
                "width": "",
                "class": "",
                "id": ""
            },
            "placement": "top",
            "endpoint": 0
        },
        {
            "key": "field_5bcf4fd2afa52",
            "label": "Custom Site Protection",
            "name": "page_custom_site_protection",
            "type": "true_false",
            "instructions": "",
            "required": 0,
            "conditional_logic": 0,
            "wrapper": {
                "width": "",
                "class": "",
                "id": ""
            },
            "message": "",
            "default_value": 0,
            "ui": 1,
            "ui_on_text": "",
            "ui_off_text": ""
        },
        {
            "key": "field_5bcf4ff1afa53",
            "label": "Site Protection",
            "name": "site_protection",
            "type": "select",
            "instructions": "",
            "required": 0,
            "conditional_logic": [
                [
                    {
                        "field": "field_5bcf4fd2afa52",
                        "operator": "==",
                        "value": "1"
                    }
                ]
            ],
            "wrapper": {
                "width": "",
                "class": "",
                "id": ""
            },
            "choices": {
                "show": "Show",
                "hide": "Hide"
            },
            "default_value": [],
            "allow_null": 1,
            "multiple": 0,
            "ui": 0,
            "return_format": "value",
            "ajax": 0,
            "placeholder": ""
        }
    ],
    "location": [
        [
            {
                "param": "post_type",
                "operator": "==",
                "value": "post"
            }
        ],
        [
            {
                "param": "post_type",
                "operator": "==",
                "value": "page"
            }
        ],
        [
            {
                "param": "post_type",
                "operator": "==",
                "value": "product"
            }
        ],
        [
            {
                "param": "post_type",
                "operator": "==",
                "value": "portfolio"
            }
        ]
    ],
    "menu_order": 0,
    "position": "normal",
    "style": "default",
    "label_placement": "top",
    "instruction_placement": "label",
    "hide_on_screen": "",
    "active": 1,
    "description": "",
    "modified": 1553352720
}